{"cameraMode":{"drawMode":0,"name":"Shaded","section":"Shading Mode"},"sceneLighting":false,"audioPlay":false,"sceneViewState":{"m_AlwaysRefresh":false,"showFog":true,"showSkybox":false,"showFlares":true,"showImageEffects":true,"showParticleSystems":true,"showVisualEffectGraphs":true,"m_FxEnabled":true},"in2DMode":false,"pivot":{"x":0.2164962887763977,"y":0.23917675018310548,"z":0.03455686569213867},"rotation":{"x":0.3786602020263672,"y":-0.04359930381178856,"z":0.017861638218164445,"w":0.9243173003196716},"size":3.632460117340088,"orthographic":false}