{"cameraMode":{"drawMode":0,"name":"Shaded","section":"Shading Mode"},"sceneLighting":false,"audioPlay":false,"sceneViewState":{"m_AlwaysRefresh":false,"showFog":true,"showSkybox":false,"showFlares":true,"showImageEffects":true,"showParticleSystems":true,"showVisualEffectGraphs":true,"m_FxEnabled":true},"in2DMode":false,"pivot":{"x":-0.22782006859779359,"y":0.0030667781829833986,"z":-0.043770551681518558},"rotation":{"x":0.35733601450920107,"y":-0.06356369704008103,"z":0.024385232478380204,"w":0.9314739108085632},"size":2.785313844680786,"orthographic":false}