{"cameraMode":{"drawMode":0,"name":"Shaded","section":"Shading Mode"},"sceneLighting":true,"audioPlay":false,"sceneViewState":{"m_AlwaysRefresh":false,"showFog":true,"showSkybox":true,"showFlares":true,"showImageEffects":true,"showParticleSystems":true,"showVisualEffectGraphs":true,"m_FxEnabled":true},"in2DMode":false,"pivot":{"x":7.933934211730957,"y":11.60922622680664,"z":-15.57399845123291},"rotation":{"x":0.10302584618330002,"y":0.8948147892951965,"z":-0.27269673347473147,"w":0.33808600902557375},"size":19.096582412719728,"orthographic":false}