{"cameraMode":{"drawMode":0,"name":"Shaded","section":"Shading Mode"},"sceneLighting":false,"audioPlay":false,"sceneViewState":{"m_AlwaysRefresh":false,"showFog":true,"showSkybox":false,"showFlares":true,"showImageEffects":true,"showParticleSystems":true,"showVisualEffectGraphs":true,"m_FxEnabled":true},"in2DMode":false,"pivot":{"x":0.012750066816806794,"y":0.0026785768568515779,"z":0.005207270383834839},"rotation":{"x":0.01878899708390236,"y":-0.8160666823387146,"z":-0.026739558205008508,"w":-0.5768765211105347},"size":0.4512195587158203,"orthographic":false}