{"cameraMode":{"drawMode":0,"name":"Shaded","section":"Shading Mode"},"sceneLighting":false,"audioPlay":false,"sceneViewState":{"m_AlwaysRefresh":false,"showFog":true,"showSkybox":false,"showFlares":true,"showImageEffects":true,"showParticleSystems":true,"showVisualEffectGraphs":true,"m_FxEnabled":true},"in2DMode":false,"pivot":{"x":0.016019970178604127,"y":-0.20797696709632874,"z":-0.006955474615097046},"rotation":{"x":-0.04356543347239494,"y":-0.7868198156356812,"z":0.055739760398864749,"w":-0.6129652857780457},"size":0.21957898139953614,"orthographic":false}