{"cameraMode":{"drawMode":0,"name":"Shaded","section":"Shading Mode"},"sceneLighting":false,"audioPlay":false,"sceneViewState":{"m_AlwaysRefresh":false,"showFog":true,"showSkybox":false,"showFlares":true,"showImageEffects":true,"showParticleSystems":true,"showVisualEffectGraphs":true,"m_FxEnabled":true},"in2DMode":false,"pivot":{"x":-0.02127397060394287,"y":-0.04181034117937088,"z":-0.08104658126831055},"rotation":{"x":-0.011370469816029072,"y":-0.8215064406394959,"z":0.016219154000282289,"w":-0.5696974992752075},"size":0.6284217834472656,"orthographic":false}