{"cameraMode":{"drawMode":0,"name":"Shaded","section":"Shading Mode"},"sceneLighting":false,"audioPlay":false,"sceneViewState":{"m_AlwaysRefresh":false,"showFog":true,"showSkybox":false,"showFlares":true,"showImageEffects":true,"showParticleSystems":true,"showVisualEffectGraphs":true,"m_FxEnabled":true},"in2DMode":false,"pivot":{"x":-0.007338285446166992,"y":0.015101015567779541,"z":-0.0485798716545105},"rotation":{"x":0.01878899708390236,"y":-0.8160666823387146,"z":-0.026739558205008508,"w":-0.5768765211105347},"size":0.4035252630710602,"orthographic":false}