{"cameraMode":{"drawMode":0,"name":"Shaded","section":"Shading Mode"},"sceneLighting":false,"audioPlay":false,"sceneViewState":{"m_AlwaysRefresh":false,"showFog":true,"showSkybox":false,"showFlares":true,"showImageEffects":true,"showParticleSystems":true,"showVisualEffectGraphs":true,"m_FxEnabled":true},"in2DMode":false,"pivot":{"x":-0.008190866559743882,"y":-0.06046728044748306,"z":0.009858906269073487},"rotation":{"x":-0.002142625628039241,"y":0.9976245760917664,"z":-0.057235367596149448,"w":-0.03768378123641014},"size":0.4984150528907776,"orthographic":false}